<?xml version="1.0" encoding="UTF-8"?>

<beans xmlns="http://www.springframework.org/schema/beans"
       xmlns:xsi="http://www.w3.org/2001/XMLSchema-instance"
       xmlns:context="http://www.springframework.org/schema/context"
       xmlns:jdbc="http://www.springframework.org/schema/jdbc"
       xsi:schemaLocation="
           http://www.springframework.org/schema/jdbc http://www.springframework.org/schema/jdbc/spring-jdbc-3.0.xsd
           http://www.springframework.org/schema/beans http://www.springframework.org/schema/beans/spring-beans-3.0.xsd
           http://www.springframework.org/schema/context http://www.springframework.org/schema/context/spring-context-3.0.xsd           
       ">
       
  <context:component-scan base-package="com.hcl.air" />
  
  <bean id="propertyConfigurer" 
    class="org.springframework.beans.factory.config.PropertyPlaceholderConfigurer">
    <property name="locations">
      <list>
        <value>classpath:jdbc.properties</value>
      </list>
    </property>
  </bean>
  
  <bean id="dataSource1" class="org.apache.commons.dbcp.BasicDataSource" destroy-method="close">
    <property name="driverClassName" value="${jdbc.driver}"/>
    <property name="url" value="${jdbc.url}"/>
    <property name="username" value="${jdbc.username}"/>
    <property name="password" value="${jdbc.password}"/>
  </bean>

  <bean id="sqlMapClient1" class="org.springframework.orm.ibatis.SqlMapClientFactoryBean">
    <property name="configLocation" value="classpath:sqlmap-config.xml"/>
    <property name="dataSource" ref="dataSource1"/>
  </bean>

  <bean id="transactionManager1" 
    class="org.springframework.jdbc.datasource.DataSourceTransactionManager">
    <property name="dataSource" ref="dataSource1"/>
  </bean>

  <jdbc:initialize-database data-source="dataSource1" ignore-failures="DROPS">
    <jdbc:script location="classpath:db/schema.sql" />
    <jdbc:script location="classpath:db/data.sql" />
  </jdbc:initialize-database>
  
  <bean id="org.h2.tools.Server-WebServer" class="org.h2.tools.Server" 
  		factory-method="createWebServer" 
  		depends-on="dataSource1"
  		init-method="start" 
  		destroy-method="stop"  		
  		lazy-init="false">
     <constructor-arg value="-web,-webPort,11111"/>
  </bean>
  
</beans>