<?xml version="1.0" encoding="UTF-8"?>

<configuration>
	<appender name="STDOUT" class="ch.qos.logback.core.ConsoleAppender">
		<encoder>
		  <pattern>%d{HH:mm:ss.SSS} [%thread] %-5level %logger{5} - %msg%n</pattern>
		</encoder>
	</appender>
	
	<appender name="FILE" class="ch.qos.logback.core.FileAppender">
        <layout class="ch.qos.logback.classic.PatternLayout">
            <pattern>%-4relative [%thread] %-5level %class - %msg%n</pattern>
        </layout>
        <file>demo.log</file>
    </appender>
	
	<logger name="com.hcl.air" level="DEBUG" additivity="false">
		<appender-ref ref="FILE" />
	</logger>
	  
	<logger name="java.sql">
		<level value="DEBUG"/>
	</logger>
	
	<logger name="com.ibatis">
		<level value="DEBUG"/>
	</logger>
	
	<logger name="org.springframework">
		<level value="ERROR"/>
	</logger>
	
	<root level="DEBUG">          
		<appender-ref ref="STDOUT" />
	</root>    
</configuration>